name,id,voted,votes,percent,active
"Emmanouil GLEZOS",1654,1004,963,104.26,False
"Françoise GROSSETÊTE",2025,9686,9746,99.38,True
"Pablo ECHENIQUE",125036,440,443,99.32,False
"Jérôme LAVRILLEUX",124731,9674,9746,99.26,True
"Jens GIESEKE",124807,9670,9746,99.22,True
"Anne SANDER",24594,9668,9746,99.20,True
"Bogdan Andrzej ZDROJEWSKI",124893,9667,9746,99.19,True
"Cristian Dan PREDA",96838,9663,9746,99.15,True
"Renata BRIANO",124787,9661,9746,99.13,True
"Petr JEŽEK",124707,9661,9746,99.13,True
"Christophe HANSEN",193419,2086,2105,99.10,True
"Nicola CAPUTO",124851,9658,9746,99.10,True
"Nicola DANTI",124821,9653,9746,99.05,True
"Pavel TELIČKA",124706,9651,9746,99.03,True
"Isabella DE MONTE",124803,9644,9746,98.95,True
"Edward CZESAK",132925,8757,8855,98.89,True
"Massimiliano SALINI",125670,9637,9746,98.88,True
"Barbara SPINELLI",124810,9621,9746,98.72,True
"Albert DESS",28228,9620,9746,98.71,True
"Teresa RODRIGUEZ-RUBIO",125033,296,300,98.67,False
"Mara BIZZOTTO",97198,9613,9746,98.64,True
"Dobromir SOŚNIERZ",192298,2738,2777,98.60,True
"Ivan JAKOVČIĆ",124754,9604,9746,98.54,True
"Czesław HOC",135540,7404,7514,98.54,True
"Michaela ŠOJDROVÁ",124710,9601,9746,98.51,True
"Vladimír MAŇKA",28192,9589,9746,98.39,True
"Lieve WIERINCK",183022,6364,6473,98.32,True
"Ernest MARAGALL",124933,4640,4725,98.20,False
"Sławomir KŁOSOWSKI",135541,7378,7514,98.19,True
"Claude ROLIN",125107,9565,9746,98.14,True
"Matthijs van MILTENBURG",125022,9565,9746,98.14,True
"Christel SCHALDEMOSE",37312,9563,9746,98.12,True
"Beata GOSIEWSKA",124900,9562,9746,98.11,True
"Marco VALLI",124778,9558,9746,98.07,True
"Sophia in 't VELD",28266,9555,9746,98.04,True
"Jan HUITEMA",58789,9546,9746,97.95,True
"Carlos ZORRINHO",124739,9545,9746,97.94,True
"Dita CHARANZOVÁ",124708,9543,9746,97.92,True
"Lidia Joanna GERINGER de OEDENBERG",28377,9542,9746,97.91,True
"Jordi SOLÉ",185974,4914,5021,97.87,True
"Adam SZEJNFELD",124890,9524,9746,97.72,True
"Piernicola PEDICINI",124844,9522,9746,97.70,True
"Mirosław PIOTROWSKI",28341,9522,9746,97.70,True
"Eleonora EVI",124779,9520,9746,97.68,True
"Elisabeth MORIN-CHARTIER",38596,9511,9746,97.59,True
"Bart STAES",4751,9509,9746,97.57,True
"Claudia ȚAPARDEL",124793,9509,9746,97.57,True
"Seán KELLY",96668,9507,9746,97.55,True
"Wajid KHAN",188624,4135,4239,97.55,True
"Georges BACH",97293,9502,9746,97.50,True
"Janusz ZEMKE",96784,9502,9746,97.50,True
"Claudia SCHMIDT",125016,9501,9746,97.49,True
"Herbert DORFMANN",96787,9497,9746,97.45,True
"Maria GRAPINI",124785,9497,9746,97.45,True
"Fernando MAURA BARANDIARÁN",125039,2005,2058,97.42,False
"Svetoslav Hristov MALINOV",111027,9494,9746,97.41,True
"Elisabetta GARDINI",58758,9485,9746,97.32,True
"Peter JAHR",96772,9479,9746,97.26,True
"Doru-Claudian FRUNZULICĂ",124790,9478,9746,97.25,True
"Tatjana ŽDANOKA",28619,6540,6726,97.23,False
"Pedro SILVA PEREIRA",124747,9471,9746,97.18,True
"Lucy ANDERSON",124949,9469,9746,97.16,True
"Vladimir URUTCHEV",38601,9467,9746,97.14,True
"Tania GONZÁLEZ PEÑAS",127330,9458,9746,97.04,True
"Olle LUDVIGSSON",96673,9458,9746,97.04,True
"Edouard MARTIN",124947,9455,9746,97.01,True
"Helga STEVENS",125105,9452,9746,96.98,True
"Michael DETJEN",190799,3241,3344,96.92,True
"Stanislav POLČÁK",124704,9442,9746,96.88,True
"Theodor Dumitru STOLOJAN",39721,9442,9746,96.88,True
"Sofia RIBEIRO",124733,9438,9746,96.84,True
"Ivan ŠTEFANEC",124929,9434,9746,96.80,True
"José BLANCO LÓPEZ",125044,9431,9746,96.77,True
"Caroline NAGTEGAAL",190519,3517,3636,96.73,True
"Pablo IGLESIAS",125031,1589,1643,96.71,False
"Julia REDA",124816,9424,9746,96.70,True
"Liisa JAAKONSAARI",96684,9420,9746,96.66,True
"Lukas MANDL",190713,3417,3537,96.61,True
"Gianluca BUONANNO",124869,3287,3403,96.59,False
"Evelyn REGNER",96998,9411,9746,96.56,True
"Thomas MANN",1922,9409,9746,96.54,True
"Tunne KELAM",28424,9408,9746,96.53,True
"Guillaume BALAS",124744,9404,9746,96.49,True
"Jasenko SELIMOVIC",134243,7928,8217,96.48,True
"Vilija BLINKEVIČIŪTĖ",96681,9402,9746,96.47,True
"Evelyne GEBHARDT",1913,9402,9746,96.47,True
"Roberto GUALTIERI",96892,9401,9746,96.46,True
"Karine GLOANEC MAURIN",193080,2225,2308,96.40,True
"Ska KELLER",96734,9395,9746,96.40,True
"Pascal DURAND",124693,9392,9746,96.37,True
"Anja HAZEKAMP",125023,9392,9746,96.37,True
"Derek VAUGHAN",96918,9392,9746,96.37,True
"Charles TANNOCK",4521,9388,9746,96.33,True
"Andor DELI",124714,9386,9746,96.31,True
"Bodil VALERO",124993,9386,9746,96.31,True
"Paul RÜBIG",2278,9382,9746,96.27,True
"Mirja VEHKAPERÄ",193269,2219,2307,96.19,True
"Pascal ARIMONT",24922,9374,9746,96.18,True
"Bronis ROPĖ",125214,9370,9746,96.14,True
"Evžen TOŠENOVSKÝ",96713,9369,9746,96.13,True
"Christine REVAULT D'ALLONNES BONNEFOY",124287,9368,9746,96.12,True
"Martina DLABAJOVÁ",124709,9363,9746,96.07,True
"Angel DZHAMBAZKI",124873,9363,9746,96.07,True
"Ingeborg GRÄSSLE",28220,9363,9746,96.07,True
"Herbert REUL",28225,5397,5620,96.03,False
"Angélique DELAHAYE",124732,9353,9746,95.97,True
"Karoline GRASWANDER-HAINZ",133316,8269,8622,95.91,True
"Seb DANCE",124952,9344,9746,95.88,True
"Stefan ECK",124863,9343,9746,95.86,True
"Marc TARABELLA",29579,9342,9746,95.85,True
"Julie WARD",124963,9340,9746,95.83,True
"Tomáš ZDECHOVSKÝ",124713,9338,9746,95.81,True
"Ramón Luis VALCÁRCEL SISO",125032,9337,9746,95.80,True
"Tilly METZ",193292,2167,2262,95.80,True
"Xabier BENITO ZILUAGA",135490,7340,7662,95.80,True
"Brando BENIFEI",124867,9336,9746,95.79,True
"Branislav ŠKRIPEK",124927,9336,9746,95.79,True
"Andrejs MAMIKINS",124746,9333,9746,95.76,True
"Tokia SAÏFI",4345,9332,9746,95.75,True
"Clara Eugenia AGUILERA GARCÍA",125045,9326,9746,95.69,True
"Carlos COELHO",1892,9317,9746,95.60,True
"Othmar KARAS",4246,9316,9746,95.59,True
"Lorenzo FONTANA",96993,6661,6969,95.58,False
"Kosma ZŁOTOWSKI",124884,9314,9746,95.57,True
"Luigi MORGANO",124788,9306,9746,95.49,True
"Eider GARDIAZABAL RUBIAL",96991,9301,9746,95.43,True
"Luke Ming FLANAGAN",124985,9298,9746,95.40,True
"Esteban GONZÁLEZ PONS",125027,9297,9746,95.39,True
"John HOWARTH",188636,4043,4239,95.38,True
"Mylène TROSZCZYNSKI",124758,9295,9746,95.37,True
"Nathalie GRIESBECK",28208,9293,9746,95.35,True
"Liliana RODRIGUES",125099,9291,9746,95.33,True
"Markus PIEPER",28224,9288,9746,95.30,True
"Gabriele PREUSS",124888,9285,9746,95.27,True
"Alain CADEC",96849,9284,9746,95.26,True
"Julia PITERA",124898,9279,9746,95.21,True
"Daniele VIOTTI",124791,9279,9746,95.21,True
"Anna ZÁBORSKÁ",23894,9278,9746,95.20,True
"Lampros FOUNTOULIS",125070,9277,9746,95.19,True
"Monika VANA",124934,9276,9746,95.18,True
"Ricardo SERRÃO SANTOS",124741,9274,9746,95.16,True
"Robert Jarosław IWASZKIEWICZ",124886,9272,9746,95.14,True
"António MARINHO E PINTO",124742,9272,9746,95.14,True
"Marie-Christine ARNAUTU",124748,9271,9746,95.13,True
"André ELISSEN",188445,4089,4299,95.12,True
"Andrea BOCSKOR",124712,9269,9746,95.11,True
"Alain LAMASSOURE",1204,9261,9746,95.02,True
"Zbigniew KUŹMIUK",28389,9260,9746,95.01,True
"Jarosław WAŁĘSA",96774,9260,9746,95.01,True
"Rainer WIELAND",2323,9256,9746,94.97,True
"Ignazio CORRAO",124856,9255,9746,94.96,True
"Michel REIMON",124935,9253,9746,94.94,True
"Elly SCHLEIN",124804,9250,9746,94.91,True
"Patricija ŠULIN",125103,9249,9746,94.90,True
"Gilles LEBRETON",124738,9246,9746,94.87,True
"Daniel BUDA",125012,9243,9746,94.84,True
"Marijana PETIR",124749,9237,9746,94.78,True
"Karima DELLI",96868,9230,9746,94.71,True
"Danuta Maria HÜBNER",96779,9229,9746,94.70,True
"Isabelle THOMAS",114279,9225,9746,94.65,True
"Ivana MALETIĆ",119436,9223,9746,94.63,True
"Pavel POC",96715,9222,9746,94.62,True
"Bolesław G. PIECHA",124874,9221,9746,94.61,True
"Aleksander GABELIC",192465,2627,2777,94.60,True
"Jonathan ARNOTT",124958,9217,9746,94.57,True
"Miguel URBÁN CRESPO",131507,8926,9446,94.50,True
"Kazimierz Michał UJAZDOWSKI",23791,9209,9746,94.49,True
"Peter KOUROUMBASHEV",124857,4744,5021,94.48,True
"Thomas WAITZ",190464,3437,3638,94.47,True
"Beatriz BECERRA BASTERRECHEA",125040,9192,9746,94.32,True
"Dominique RIQUET",96885,9192,9746,94.32,True
"Francesc GAMBÚS",125006,9190,9746,94.30,True
"Elisabeth KÖSTINGER",96882,5758,6108,94.27,False
"Dominique BILDE",124771,9186,9746,94.25,True
"Michela GIUFFRIDA",124864,9186,9746,94.25,True
"Adam GIEREK",28379,9182,9746,94.21,True
"Tiemo WÖLKEN",185619,5086,5401,94.17,True
"Csaba SÓGOR",39724,9174,9746,94.13,True
"Susanne MELIOR",124838,9173,9746,94.12,True
"Dominique MARTIN",124751,9170,9746,94.09,True
"Krzysztof HETMAN",124895,9169,9746,94.08,True
"Norbert NEUSER",96844,9166,9746,94.05,True
"Philippe LOISEAU",125684,9165,9746,94.04,True
"Romana TOMC",125104,9155,9746,93.94,True
"Malin BJÖRK",124992,9149,9746,93.87,True
"Sylvie GUILLAUME",96952,9148,9746,93.86,True
"Miguel VIEGAS",125100,9146,9746,93.84,True
"Giuseppe FERRANDINO",192634,2605,2776,93.84,True
"Roberta METSOLA",118859,9145,9746,93.83,True
"Sampo TERHO",107385,440,469,93.82,False
"Damiano ZOFFOLI",131051,8859,9446,93.79,True
"Mary HONEYBALL",5846,9138,9746,93.76,True
"Mario BORGHEZIO",21817,9137,9746,93.75,True
"France JAMET",189065,3835,4091,93.74,True
"Petra KAMMEREVERT",96837,9136,9746,93.74,True
"Inés AYALA SENDER",28292,9133,9746,93.71,True
"Izaskun BILBAO BARANDICA",96922,9133,9746,93.71,True
"Monica MACOVEI",96824,9130,9746,93.68,True
"Michèle ALLIOT-MARIE",1179,9129,9746,93.67,True
"Andrey KOVATCHEV",97968,9128,9746,93.66,True
"Georg MAYER",38511,9126,9746,93.64,True
"Heinz K. BECKER",107041,9122,9746,93.60,True
"Marielle de SARNEZ",4335,5031,5376,93.58,False
"Judith SARGENTINI",96815,9119,9746,93.57,True
"Ramón JÁUREGUI ATONDO",97078,9116,9746,93.54,True
"Victor NEGRESCU",88882,5150,5507,93.52,False
"Jeppe KOFOD",124870,9114,9746,93.52,True
"David CASA",28122,9107,9746,93.44,True
"Agnieszka KOZŁOWSKA-RAJEWICZ",124889,9106,9746,93.43,True
"Jean-Luc SCHAFFHAUSER",124755,9105,9746,93.42,True
"Eugen FREUND",125018,9104,9746,93.41,True
"Ruža TOMAŠIĆ",119431,9104,9746,93.41,True
"Momchil NEKOV",125013,9103,9746,93.40,True
"Louis MICHEL",96670,9101,9746,93.38,True
"Enrique CALVET CHAMBON",129407,9041,9682,93.38,True
"Soledad CABEZÓN RUIZ",125041,9098,9746,93.35,True
"Biljana BORZAN",112748,9092,9746,93.29,True
"Jakop DALUNDE",183338,5916,6342,93.28,True
"Miriam DALLI",124970,9091,9746,93.28,True
"Siegfried MUREŞAN",124802,9091,9746,93.28,True
"Andreas SCHWAB",28223,9090,9746,93.27,True
"Ivo VAJGL",97019,9088,9746,93.25,True
"Molly SCOTT CATO",124942,9079,9746,93.16,True
"Tomislav DONCHEV",124843,54,58,93.10,False
"Eric ANDRIEU",113892,9073,9746,93.09,True
"Francisco José MILLÁN MON",28400,9069,9746,93.05,True
"Sabine VERHEYEN",96756,9069,9746,93.05,True
"Ulrike RODUST",93624,9068,9746,93.04,True
"Therese COMODINI CACHIA",124968,5120,5507,92.97,False
"Frédérique RIES",4253,9061,9746,92.97,True
"Daniel CASPARY",28219,9060,9746,92.96,True
"Jean LAMBERT",4531,9057,9746,92.93,True
"Gesine MEISSNER",96870,9057,9746,92.93,True
"Arnaud DANJEAN",96747,9055,9746,92.91,True
"Michael GAHLER",2341,9055,9746,92.91,True
"Marian-Jean MARINESCU",33982,9055,9746,92.91,True
"Nadine MORANO",72779,9055,9746,92.91,True
"Angelika NIEBLER",4289,9051,9746,92.87,True
"Hugues BAYET",125002,9048,9746,92.84,True
"Klaus BUCHNER",124818,9047,9746,92.83,True
"Stefan GEHROLD",194391,1860,2004,92.81,True
"Arne LIETZ",124839,9039,9746,92.75,True
"Martin SCHIRDEWAN",190517,3373,3638,92.72,True
"Luděk NIEDERMAYER",124701,9035,9746,92.70,True
"Alfred SANT",124781,9033,9746,92.68,True
"Jeroen LENAERS",95074,9032,9746,92.67,True
"György SCHÖPFLIN",28135,9031,9746,92.66,True
"Milan ZVER",96933,9029,9746,92.64,True
"Franz OBERMAYR",96981,9028,9746,92.63,True
"Georgios EPITIDEIOS",125071,9027,9746,92.62,True
"Philippe DE BACKER",109337,3031,3273,92.61,False
"Franc BOGOVIČ",125004,9023,9746,92.58,True
"Kaja KALLAS",124697,7073,7641,92.57,False
"Sven SCHULZE",124809,9016,9746,92.51,True
"Aymeric CHAUPRADE",124752,9015,9746,92.50,True
"József NAGY",124926,9012,9746,92.47,True
"Tibor SZANYI",124703,9011,9746,92.46,True
"Flavio ZANONATO",124800,9010,9746,92.45,True
"Pier Antonio PANZERI",28365,9009,9746,92.44,True
"Dubravka ŠUICA",119434,9009,9746,92.44,True
"Peter ERIKSSON",124937,3088,3341,92.43,False
"Brian HAYES",118658,9001,9746,92.36,True
"Lambert van NISTELROOIJ",28165,8999,9746,92.34,True
"Iratxe GARCÍA PÉREZ",28298,8998,9746,92.33,True
"Francis ZAMMIT DIMECH",188906,3912,4239,92.29,True
"Salvatore CICU",124854,8993,9746,92.27,True
"Bernd LUCKE",124820,8990,9746,92.24,True
"Alex MAYER",185637,4982,5401,92.24,True
"Davor ŠKRLEC",124756,8989,9746,92.23,True
"Merja KYLLÖNEN",124736,8988,9746,92.22,True
"Wim van de CAMP",96754,8987,9746,92.21,True
"Daniel DALTON",35135,8798,9543,92.19,True
"Karin KADENBACH",97014,8981,9746,92.15,True
"Giulia MOI",124859,8981,9746,92.15,True
"Zoltán BALCZÓ",96877,8980,9746,92.14,True
"Siôn SIMON",124948,8980,9746,92.14,True
"Marietje SCHAAKE",96945,8979,9746,92.13,True
"João PIMENTA LOPES",136236,6660,7230,92.12,True
"Norbert ERDŐS",124711,8977,9746,92.11,True
"Zdzisław KRASNODĘBSKI",124891,8975,9746,92.09,True
"Monika SMOLKOVÁ",96655,8975,9746,92.09,True
"Pál CSÁKY",124930,8974,9746,92.08,True
"Paul BRANNEN",124954,8972,9746,92.06,True
"Hilde VAUTMANS",130100,8785,9543,92.06,True
"Inês Cristina ZUBER",111589,2316,2516,92.05,False
"Filiz HYUSMENOVA",34249,8971,9746,92.05,True
"Jean-Paul DENANOT",94282,6845,7438,92.03,False
"Jan Philipp ALBRECHT",96736,6887,7484,92.02,False
"Ashley FOX",96957,8967,9746,92.01,True
"Remo SERNAGIOTTO",124794,8967,9746,92.01,True
"Antonio LÓPEZ-ISTÚRIZ WHITE",28399,8966,9746,92.00,True
"Arndt KOHN",186884,4376,4757,91.99,True
"Neena GILL",4533,8964,9746,91.98,True
"Notis MARIAS",125069,8963,9746,91.97,True
"Claudiu Ciprian TĂNĂSESCU",96847,8962,9746,91.96,True
"Fabio Massimo CASTALDO",124812,8961,9746,91.95,True
"Ulrike LUNACEK",97017,5616,6108,91.94,False
"Jonathan BULLOCK",188733,3761,4091,91.93,True
"Miroslav MIKOLÁŠIK",28178,8959,9746,91.92,True
"Ana GOMES",28306,8955,9746,91.88,True
"Gilles PARGNEAUX",96948,8945,9746,91.78,True
"Dariusz ROSATI",28394,8944,9746,91.77,True
"Harald VILIMSKY",125001,8943,9746,91.76,True
"Eduard KUKAN",96651,8940,9746,91.73,True
"Mireille D'ORNANO",124750,8939,9746,91.72,True
"Helmut SCHOLZ",96646,8939,9746,91.72,True
"Fernando RUAS",124730,8937,9746,91.70,True
"Agnes JONGERIUS",125021,8936,9746,91.69,True
"David MARTIN",1403,8936,9746,91.69,True
"Werner LANGEN",1928,8933,9746,91.66,True
"Ismail ERTUG",96842,8930,9746,91.63,True
"Asim ADEMOV",189525,3706,4045,91.62,True
"Miltiadis KYRKOS",125113,8928,9746,91.61,True
"Jaromír ŠTĚTINA",124702,8928,9746,91.61,True
"Maria Lidia SENRA RODRÍGUEZ",125049,8926,9746,91.59,True
"María Teresa GIMÉNEZ BARBAT",135491,7017,7662,91.58,True
"Janusz LEWANDOWSKI",23781,8925,9746,91.58,True
"Terry REINTKE",103381,8922,9746,91.55,True
"Maria NOICHL",124836,8919,9746,91.51,True
"Jörg MEUTHEN",190518,3328,3638,91.48,True
"Deirdre CLUNE",124988,8914,9746,91.46,True
"Dennis RADTKE",188945,3739,4091,91.40,True
"José BOVÉ",96744,8907,9746,91.39,True
"Gerolf ANNEMANS",124973,8906,9746,91.38,True
"Tom VANDENKENDELAERE",129164,8852,9688,91.37,True
"Barbara KUDRYCKA",28284,8903,9746,91.35,True
"Danuta JAZŁOWIECKA",96781,8898,9746,91.30,True
"Olga SEHNALOVÁ",96718,8896,9746,91.28,True
"Jonás FERNÁNDEZ",125046,8895,9746,91.27,True
"Jozo RADOŠ",112753,8895,9746,91.27,True
"Charles GOERENS",840,8891,9746,91.23,True
"Maite PAGAZAURTUNDÚA RUIZ",125038,8891,9746,91.23,True
"Peter SIMON",96836,8891,9746,91.23,True
"Barbara KAPPEL",125024,8890,9746,91.22,True
"Andrey NOVAKOV",107212,8831,9682,91.21,True
"Matt CARTHY",124986,8889,9746,91.21,True
"Sylvie GODDYN",21331,8889,9746,91.21,True
"Martin HÄUSLING",96752,8889,9746,91.21,True
"Franck PROUST",108080,8889,9746,91.21,True
"Josef WEIDENHOLZER",111014,8889,9746,91.21,True
"Cora van NIEUWENHUIZEN",125019,5427,5953,91.16,False
"Gérard DEPREZ",1473,8880,9746,91.11,True
"Emmanuel MAUREL",24505,8879,9746,91.10,True
"Stanisław OŻÓG",124897,8877,9746,91.08,True
"Isabella ADINOLFI",124831,8875,9746,91.06,True
"Marju LAURISTIN",124698,5562,6108,91.06,False
"Jean-Marie CAVADA",28206,8873,9746,91.04,True
"Jan OLBRYCHT",28288,8873,9746,91.04,True
"Anneleen VAN BOSSUYT",117491,8688,9543,91.04,True
"José Inácio FARIA",125101,8872,9746,91.03,True
"Sylvia-Yvonne KAUFMANN",1849,8872,9746,91.03,True
"Ulrike MÜLLER",124862,8871,9746,91.02,True
"Norbert LINS",124808,8868,9746,90.99,True
"Monika HOHLMEIER",96780,8865,9746,90.96,True
"Valentinas MAZURONIS",124768,8865,9746,90.96,True
"Michel DANTIN",97296,8861,9746,90.92,True
"Jiří PAYNE",189507,3719,4091,90.91,True
"Peter van DALEN",96809,8859,9746,90.90,True
"Caterina CHINNICI",124861,8856,9746,90.87,True
"Kathleen VAN BREMPT",5729,8853,9746,90.84,True
"Afzal KHAN",124962,4947,5447,90.82,False
"Daniela AIUTO",124842,8851,9746,90.82,True
"Sophie MONTEL",124769,8851,9746,90.82,True
"Marco ZULLO",125237,8851,9746,90.82,True
"Marlene MIZZI",118858,8849,9746,90.80,True
"John Stuart AGNEW",96897,8845,9746,90.76,True
"Rosa D'AMATO",124835,8843,9746,90.73,True
"Jens GEIER",96833,8839,9746,90.69,True
"Carlos ITURGAIZ",28398,8837,9746,90.67,True
"Martina WERNER",124826,8836,9746,90.66,True
"Jean ARTHUIS",124773,8833,9746,90.63,True
"Richard CORBETT",2309,8832,9746,90.62,True
"Christelle LECHEVALIER",188718,3841,4239,90.61,True
"Romeo FRANZ",193273,2048,2261,90.58,True
"Jerzy BUZEK",28269,8827,9746,90.57,True
"José Manuel FERNANDES",96899,8824,9746,90.54,True
"Olaf STUGER",125028,8821,9746,90.51,True
"Philippe LAMBERTS",96648,8820,9746,90.50,True
"Benedek JÁVOR",124721,8817,9746,90.47,True
"Ramon TREMOSA i BALCELLS",97203,8817,9746,90.47,True
"Marco ZANNI",124780,8817,9746,90.47,True
"Elisa FERREIRA",28308,3206,3544,90.46,False
"Mady DELVAUX",124776,8811,9746,90.41,True
"Maria HEUBUCH",124848,8811,9746,90.41,True
"Péter NIEDERMÜLLER",124723,8809,9746,90.39,True
"Marian HARKIN",28116,8807,9746,90.37,True
"Petras AUŠTREVIČIUS",124766,8806,9746,90.36,True
"Francisco ASSIS",28307,8799,9746,90.28,True
"Victor BOŞTINARU",39711,8795,9746,90.24,True
"Bernard MONOT",124761,8795,9746,90.24,True
"Nedzhmi ALI",34250,8790,9746,90.19,True
"Andrea COZZOLINO",96880,8790,9746,90.19,True
"Marie-Christine VERGIAT",96858,8790,9746,90.19,True
"Marisa MATIAS",96820,8789,9746,90.18,True
"Patrizia TOIA",28340,8786,9746,90.15,True
"Laura FERRARA",124833,8783,9746,90.12,True
"Joachim ZELLER",96762,8780,9746,90.09,True
"Anders Primdahl VISTISEN",124875,8777,9746,90.06,True
"Giovanni LA VIA",96816,8775,9746,90.04,True
"Vincent PEILLON",28166,8773,9746,90.02,True
"Anneli JÄÄTTEENMÄKI",28314,8772,9746,90.01,True
"Jutta STEINRUCK",96831,5762,6402,90.00,False
"Michael CRAMER",28238,8770,9746,89.99,True
"Elżbieta Katarzyna ŁUKACIJEWSKA",96791,8770,9746,89.99,True
"Igor ŠOLTES",125003,8762,9746,89.90,True
"Soraya POST",124997,8743,9746,89.71,True
"József SZÁJER",23821,8737,9746,89.65,True
"Eleonora FORENZA",125193,8730,9746,89.58,True
"Axel VOSS",96761,8730,9746,89.58,True
"Bernd KÖLMEL",124824,8727,9746,89.54,True
"Pavel SVOBODA",96272,8727,9746,89.54,True
"Marek JUREK",124892,8721,9746,89.48,True
"Tiziana BEGHIN",124777,8720,9746,89.47,True
"Sven GIEGOLD",96730,8720,9746,89.47,True
"Birgit COLLIN-LANGEN",112788,8717,9746,89.44,True
"Andi CRISTEA",40224,8717,9746,89.44,True
"Joachim STARBATTY",124827,8717,9746,89.44,True
"Jadwiga WIŚNIEWSKA",124877,8715,9746,89.42,True
"Norica NICOLAI",96825,8713,9746,89.40,True
"Ryszard CZARNECKI",28372,8706,9746,89.33,True
"Bas BELDER",4507,8704,9746,89.31,True
"Nikos ANDROULAKIS",125110,8700,9746,89.27,True
"Neoklis SYLIKIOTIS",124689,8696,9746,89.23,True
"Kristina WINBERG",124995,8696,9746,89.23,True
"Barbara LOCHBIHLER",96728,8695,9746,89.22,True
"Arne GERICKE",124815,8694,9746,89.21,True
"Mercedes BRESSO",28346,8691,9746,89.18,True
"Richard SULÍK",124928,8686,9746,89.12,True
"Nessa CHILDERS",96603,8684,9746,89.10,True
"Takis HADJIGEORGIOU",96907,8684,9746,89.10,True
"Ernest URTASUN",124972,8682,9746,89.08,True
"Janusz KORWIN-MIKKE",124879,5879,6601,89.06,False
"Miroslavs MITROFANOVS",191695,2689,3020,89.04,True
"Annie SCHREIJER-PIERIK",125030,8677,9746,89.03,True
"Fredrick FEDERLEY",124989,8675,9746,89.01,True
"Rory PALMER",190099,3526,3962,89.00,True
"Ilhan KYUCHYUK",124866,8673,9746,88.99,True
"Angelika MLINAR",125026,8671,9746,88.97,True
"Jussi HALLA-AHO",124727,8665,9746,88.91,True
"Csaba MOLNÁR",124722,8664,9746,88.90,True
"Mark DEMESMAEKER",117477,8662,9746,88.88,True
"Lola SÁNCHEZ CALDENTEY",125035,8662,9746,88.88,True
"Jan KELLER",124695,8651,9746,88.76,True
"Gabrielius LANDSBERGIS",124759,2919,3290,88.72,False
"Richard ASHWORTH",28132,8646,9746,88.71,True
"Karol KARSKI",124887,8646,9746,88.71,True
"Miapetra KUMPULA-NATRI",124735,8641,9746,88.66,True
"Jørn DOHRMANN",124878,8637,9746,88.62,True
"Theresa GRIFFIN",124961,8637,9746,88.62,True
"Dieter-Lebrecht KOCH",1852,8634,9746,88.59,True
"Brice HORTEFEUX",5565,8622,9746,88.47,True
"Max ANDERSSON",124994,8621,9746,88.46,True
"Lefteris CHRISTOFOROU",26837,8617,9746,88.42,True
"Werner KUHN",96767,8617,9746,88.42,True
"Steeve BRIOIS",124757,8614,9746,88.38,True
"Henna VIRKKUNEN",124726,8611,9746,88.35,True
"Maria ARENA",124936,8609,9746,88.33,True
"Ildikó GÁLL-PELCZ",102886,4995,5655,88.33,False
"Catherine BEARDER",96955,8608,9746,88.32,True
"Florent MARCELLESI",26146,4973,5632,88.30,True
"Rosa ESTARÀS FERRAGUT",96811,8604,9746,88.28,True
"Josu JUARISTI ABAUNZ",125051,5825,6599,88.27,False
"Tonino PICULA",112744,8602,9746,88.26,True
"Inmaculada RODRÍGUEZ-PIÑERO FERNÁNDEZ",125043,8601,9746,88.25,True
"Javier COUSO PERMUY",125997,8600,9746,88.24,True
"Elena GENTILE",124847,8599,9746,88.23,True
"Gunnar HÖKMARK",28124,8598,9746,88.22,True
"Silvia COSTA",96917,8596,9746,88.20,True
"Tadeusz ZWIEFKA",28301,8595,9746,88.19,True
"Esther de LANGE",38398,8592,9746,88.16,True
"Sofia SAKORAFA",125091,8591,9746,88.15,True
"Jörg LEICHTFRIED",28251,801,909,88.12,False
"Bernd LANGE",1909,8588,9746,88.12,True
"Joëlle BERGERON",124740,8587,9746,88.11,True
"Morten Helveg PETERSEN",124872,8575,9746,87.98,True
"Yannick JADOT",96740,8562,9746,87.85,True
"Heidi HAUTALA",2054,8561,9746,87.84,True
"David McALLISTER",124806,8560,9746,87.83,True
"Jan ZAHRADIL",23712,8556,9746,87.79,True
"Peter LUNDGREN",124996,8541,9746,87.64,True
"Paloma LÓPEZ BERMEJO",125047,8535,9746,87.57,True
"Gabriel MATO",96936,8528,9746,87.50,True
"Bas EICKHOUT",96725,8520,9746,87.42,True
"Petr MACH",84175,4938,5655,87.32,False
"Josep-Maria TERRICABRAS",124932,8510,9746,87.32,True
"Clare MOODY",124944,8505,9746,87.27,True
"Cornelia ERNST",96852,8502,9746,87.24,True
"Eleftherios SYNADINOS",125072,8501,9746,87.23,True
"Marie-Christine BOUTONNET",124753,8499,9746,87.21,True
"Mairead McGUINNESS",28115,8492,9746,87.13,True
"Nils TORVALDS",114268,8491,9746,87.12,True
"Pirkko RUOHONEN-LERNER",132366,8079,9277,87.09,True
"Sabine LÖSING",96854,8486,9746,87.07,True
"Reimer BÖGE",1037,8483,9746,87.04,True
"Stelios KOULOGLOU",130833,8266,9497,87.04,True
"Pervenche BERÈS",1985,8480,9746,87.01,True
"Iskra MIHAYLOVA",125128,8480,9746,87.01,True
"Anthea McINTYRE",111011,8477,9746,86.98,True
"Younous OMARJEE",30482,8477,9746,86.98,True
"Dimitrios PAPADIMOULIS",28586,8476,9746,86.97,True
"Jens NILSSON",111024,5841,6726,86.84,False
"Marek Józef GRÓBARCZYK",96790,1786,2058,86.78,False
"Dietmar KÖSTER",124822,8455,9746,86.75,True
"Paavo VÄYRYNEN",2128,6450,7438,86.72,False
"Udo VOIGT",124832,8442,9746,86.62,True
"Algirdas SAUDARGAS",96696,8437,9746,86.57,True
"Nicolas BAY",124760,8434,9746,86.54,True
"Georgi PIRINSKI",124855,8434,9746,86.54,True
"Jill EVANS",4550,8430,9746,86.50,True
"Matthias GROOTE",34728,3758,4345,86.49,False
"Sergio Gaetano COFFERATI",96915,8427,9746,86.47,True
"Costas MAVRIDES",124691,8427,9746,86.47,True
"Monika BEŇOVÁ",23868,8421,9746,86.40,True
"James NICHOLSON",1318,8421,9746,86.40,True
"Marek PLURA",124881,8417,9746,86.36,True
"Hans-Olaf HENKEL",124823,8416,9746,86.35,True
"Renate SOMMER",4282,8415,9746,86.34,True
"Simona BONAFÈ",124814,8413,9746,86.32,True
"Dennis de JONG",96748,8406,9746,86.25,True
"Robert ROCHEFORT",97022,8405,9746,86.24,True
"Sylvie GOULARD",97137,4636,5376,86.24,False
"Edouard FERRAND",124767,5622,6521,86.21,False
"Margrete AUKEN",28161,8391,9746,86.10,True
"John FLACK",188623,3648,4239,86.06,True
"David COBURN",124967,8387,9746,86.06,True
"Manfred WEBER",28229,8385,9746,86.04,True
"Peter LIESE",1927,8377,9746,85.95,True
"Laura AGEA",124811,8375,9746,85.93,True
"Andrzej GRZYB",23785,8373,9746,85.91,True
"Anne-Marie MINEUR",125037,8366,9746,85.84,True
"Ulrike TREBESIUS",124829,8364,9746,85.82,True
"Rina Ronja KARI",122885,8362,9746,85.80,True
"Michèle RIVASI",96743,8361,9746,85.79,True
"Geoffroy DIDIER",190774,3009,3508,85.78,True
"Răzvan POPA",189490,3496,4079,85.71,True
"Rebecca HARMS",28233,8353,9746,85.71,True
"Sandra KALNIETE",96934,8350,9746,85.68,True
"Ioan Mircea PAŞCU",33984,8350,9746,85.68,True
"Paul TANG",125020,8344,9746,85.61,True
"David BORRELLI",124796,8343,9746,85.60,True
"Michał BONI",124896,8341,9746,85.58,True
"Kinga GÁL",28150,8341,9746,85.58,True
"Dario TAMBURRANO",124813,8339,9746,85.56,True
"Marit PAULSEN",4270,1308,1529,85.55,False
"Claude MORAES",4519,8335,9746,85.52,True
"Janusz WOJCIECHOWSKI",23784,2798,3273,85.49,False
"Urmas PAET",129073,8278,9688,85.45,True
"Bogusław LIBERADZKI",23768,8327,9746,85.44,True
"James CARVER",124971,8326,9746,85.43,True
"Marita ULVSKOG",96672,8314,9746,85.31,True
"Anders SELLSTRÖM",194658,1693,1985,85.29,True
"Joëlle MÉLIN",124765,8312,9746,85.29,True
"Traian UNGUREANU",96835,8311,9746,85.28,True
"Emilian PAVEL",129256,8261,9688,85.27,True
"Christian EHLER",28226,8307,9746,85.23,True
"Virginie ROZIÈRE",103845,8307,9746,85.23,True
"Enrique GUERRERO SALOM",96768,8306,9746,85.22,True
"Udo BULLMANN",4267,8305,9746,85.21,True
"Bruno GOLLNISCH",1164,8305,9746,85.21,True
"Constanze KREHL",1854,8304,9746,85.20,True
"João FERREIRA",96706,8301,9746,85.17,True
"Iliana IOTOVA",38605,4024,4725,85.16,False
"Lars ADAKTUSSON",124990,6587,7742,85.08,False
"Alojz PETERLE",23693,8291,9746,85.07,True
"Beatrix von STORCH",124825,4985,5861,85.05,False
"Kati PIRI",37229,8287,9746,85.03,True
"Martina ANDERSON",113959,8282,9746,84.98,True
"Luis de GRANDES PASCUAL",28393,8278,9746,84.94,True
"Joachim SCHUSTER",124837,8271,9746,84.87,True
"Mihai ŢURCANU",131750,8003,9446,84.72,True
"Jiří POSPÍŠIL",125706,8254,9746,84.69,True
"Miroslav POCHE",124699,8253,9746,84.68,True
"Salvatore Domenico POGLIESE",124853,6470,7641,84.67,False
"Birgit SIPPEL",96932,8238,9746,84.53,True
"Knut FLECKENSTEIN",96840,8237,9746,84.52,True
"Michał MARUSIK",124894,8236,9746,84.51,True
"Gabriele ZIMMER",28248,8236,9746,84.51,True
"Jarosław KALINOWSKI",96771,8235,9746,84.50,True
"Javi LÓPEZ",125042,8233,9746,84.48,True
"Yana TOOM",124700,8230,9746,84.44,True
"Baroness Nosheena MOBARIK",189391,3454,4091,84.43,True
"Davor Ivo STIER",119435,3472,4114,84.39,False
"Guy VERHOFSTADT",97058,8214,9746,84.28,True
"Iuliu WINKLER",39725,8211,9746,84.25,True
"Róża Gräfin von THUN UND HOHENSTEIN",96776,8210,9746,84.24,True
"Andrew LEWER",124943,4588,5447,84.23,False
"John PROCTER",185628,4547,5401,84.19,True
"Massimo PAOLUCCI",124849,8197,9746,84.11,True
"Czesław Adam SIEKIERSKI",23787,8196,9746,84.10,True
"Jude KIRTON-DARLING",124953,8188,9746,84.01,True
"Petri SARVAMAA",112611,8187,9746,84.00,True
"Juan Fernando LÓPEZ AGUILAR",96812,8180,9746,83.93,True
"Ivo BELET",28257,8179,9746,83.92,True
"Elsi KATAINEN",191693,2637,3146,83.82,True
"Alberto CIRIO",124772,8159,9746,83.72,True
"Tomasz Piotr PORĘBA",96801,8157,9746,83.70,True
"Jakob von WEIZSÄCKER",124840,8155,9746,83.68,True
"Philippe JUVIN",96884,8148,9746,83.60,True
"Julia REID",106202,8148,9746,83.60,True
"David-Maria SASSOLI",96864,8144,9746,83.56,True
"Johannes Cornelis van BAALEN",96937,8143,9746,83.55,True
"Sergio GUTIÉRREZ PRIETO",103488,8139,9746,83.51,True
"Kateřina KONEČNÁ",23699,8131,9746,83.43,True
"Inese VAIDERE",28617,8124,9746,83.36,True
"Ádám KÓSA",96829,8121,9746,83.33,True
"Viviane REDING",1185,6362,7641,83.26,False
"Keith TAYLOR",102931,8108,9746,83.19,True
"Marco AFFRONTE",124797,8107,9746,83.18,True
"Indrek TARAND",97136,8107,9746,83.18,True
"Eva JOLY",96883,8099,9746,83.10,True
"Danilo Oscar LANCINI",192635,2304,2776,83.00,True
"Cécile Kashetu KYENGE",124801,8087,9746,82.98,True
"Rolandas PAKSAS",96694,8083,9746,82.94,True
"Auke ZIJLSTRA",103246,8082,9746,82.93,True
"Patrick LE HYARIC",96735,8080,9746,82.91,True
"Cecilia WIKSTRÖM",96677,8063,9746,82.73,True
"Hannu TAKKULA",28316,5453,6600,82.62,False
"Burkhard BALZ",96997,6312,7641,82.61,False
"Nuno MELO",96978,8049,9746,82.59,True
"Jo LEINEN",4262,8046,9746,82.56,True
"Željana ZOVKO",185341,4648,5632,82.53,True
"Fulvio MARTUSCIELLO",124828,8030,9746,82.39,True
"Vicky FORD",96949,4487,5447,82.38,False
"Matteo SALVINI",28404,5736,6969,82.31,False
"László TŐKÉS",39726,8015,9746,82.24,True
"Nathan GILL",124965,8014,9746,82.23,True
"Valdemar TOMAŠEVSKI",96697,8011,9746,82.20,True
"Rupert MATTHEWS",188622,3484,4239,82.19,True
"Markus FERBER",1917,7996,9746,82.04,True
"Tanja FAJON",96911,7991,9746,81.99,True
"Bogdan Brunon WENTA",124903,7990,9746,81.98,True
"Patrick O'FLYNN",124940,7989,9746,81.97,True
"Martina MICHELS",120478,7980,9746,81.88,True
"Frank ENGEL",96876,7971,9746,81.79,True
"Marc JOULAUD",124728,7966,9746,81.74,True
"Bendt BENDTSEN",96705,7949,9746,81.56,True
"Eva MAYDELL",98341,7935,9746,81.42,True
"Jacques COLOMBIER",191510,2625,3225,81.40,True
"Constance LE GRIP",101580,5051,6209,81.35,False
"Ole CHRISTENSEN",28154,7924,9746,81.31,True
"Richard HOWITT",2073,3531,4345,81.27,False
"Zigmantas BALČYTIS",96680,7917,9746,81.23,True
"Linda McAVAN",2327,7917,9746,81.23,True
"Agustín DÍAZ DE MERA GARCÍA CONSUEGRA",28397,7910,9746,81.16,True
"Elmar BROK",1263,7904,9746,81.10,True
"Elena VALENCIANO",4334,7894,9746,81.00,True
"Emil RADEV",124850,7886,9746,80.92,True
"Marcus PRETZELL",124830,7883,9746,80.88,True
"Kostas CHRYSOGONOS",125061,7881,9746,80.86,True
"Sorin MOISĂ",124789,7881,9746,80.86,True
"Anna Maria CORAZZA BILDT",96674,7878,9746,80.83,True
"Jytte GUTELAND",124991,7870,9746,80.75,True
"Manolis KEFALOGIANNIS",125068,7868,9746,80.73,True
"Iris HOFFMANN",124841,7860,9746,80.65,True
"Louis-Joseph MANSCOUR",124725,7848,9746,80.53,True
"Juan Carlos GIRAUTA VIDAL",125052,1972,2449,80.52,False
"Javier NART",125005,7846,9746,80.50,True
"Jean-Luc MÉLENCHON",96742,4431,5507,80.46,False
"Maria João RODRIGUES",124737,7841,9746,80.45,True
"Andrej PLENKOVIĆ",112755,3309,4114,80.43,False
"Geoffrey VAN ORDEN",4513,7828,9746,80.32,True
"Claude TURMES",4432,6004,7484,80.22,False
"Rachida DATI",72775,7816,9746,80.20,True
"Hans JANSEN",125029,585,730,80.14,False
"Anna HEDH",28131,7789,9746,79.92,True
"Renate WEBER",39713,7780,9746,79.83,True
"Marcel de GRAAFF",125025,7778,9746,79.81,True
"Dan NICA",124784,7773,9746,79.76,True
"Lynn BOYLAN",124984,7762,9746,79.64,True
"Maria Gabriela ZOANĂ",191377,2568,3225,79.63,True
"Fabio DE MASI",124858,4655,5861,79.42,False
"Demetris PAPADAKIS",124692,7736,9746,79.38,True
"Lara COMI",96775,7734,9746,79.36,True
"Pilar AYUSO",4319,7725,9746,79.26,True
"Amjad BASHIR",124956,7718,9746,79.19,True
"Teresa JIMÉNEZ-BECERRIL BARRIO",96806,7718,9746,79.19,True
"István UJHELYI",124705,7717,9746,79.18,True
"Sirpa PIETIKÄINEN",40599,7714,9746,79.15,True
"Diane JAMES",124939,7709,9746,79.10,True
"Jana ŽITŇANSKÁ",124901,7706,9746,79.07,True
"Julie GIRLING",96956,7699,9746,79.00,True
"Paulo RANGEL",96903,7693,9746,78.93,True
"Pilar del CASTILLO VERA",28390,7669,9746,78.69,True
"Georgios KYRTSOS",125063,7658,9746,78.58,True
"Kay SWINBURNE",96920,7644,9746,78.43,True
"Karl-Heinz FLORENZ",1038,7640,9746,78.39,True
"Jean-François JALKH",124770,7632,9746,78.31,True
"Eva KAILI",125109,7629,9746,78.28,True
"Diane DODDS",96951,7618,9746,78.17,True
"Christofer FJELLNER",28126,7617,9746,78.16,True
"Daciana Octavia SÂRBU",33989,7617,9746,78.16,True
"Gerben-Jan GERBRANDY",96940,7614,9746,78.12,True
"Nikolaos CHOUNTIS",26851,7610,9746,78.08,True
"Krišjānis KARIŅŠ",96901,7603,9746,78.01,True
"Mariya GABRIEL",96848,4380,5621,77.92,False
"György HÖLVÉNYI",124715,7587,9746,77.85,True
"Stefano MAULLU",133326,6604,8513,77.58,True
"Jacqueline FOSTER",4553,7552,9746,77.49,True
"Vicky MAEIJER",97513,3919,5070,77.30,False
"Paolo DE CASTRO",96891,7517,9746,77.13,True
"Krystyna ŁYBACKA",124883,7514,9746,77.10,True
"Rikke-Louise KARLSSON",124876,7511,9746,77.07,True
"Anna Elżbieta FOTYGA",28353,7497,9746,76.92,True
"Gianni PITTELLA",4436,5359,6969,76.90,False
"Reinhard BÜTIKOFER",96739,7494,9746,76.89,True
"Hermann WINKLER",96764,7493,9746,76.88,True
"Giorgos GRAMMATIKAKIS",125112,7451,9746,76.45,True
"Esther HERRANZ GARCÍA",22418,7446,9746,76.40,True
"Kostadinka KUNEVA",125092,7445,9746,76.39,True
"Adina-Ioana VĂLEAN",37324,7434,9746,76.28,True
"Jacek SARYUSZ-WOLSKI",28297,7427,9746,76.21,True
"Konstantinos PAPADAKIS",125093,7420,9746,76.13,True
"Ian DUNCAN",124960,4181,5507,75.92,False
"Pablo ZALBA BIDEGAIN",96763,3298,4345,75.90,False
"Louis ALIOT",30190,4288,5655,75.83,False
"Roger HELMER",4516,4271,5655,75.53,False
"Raymond FINCH",124941,7337,9746,75.28,True
"Laurenţiu REBEGA",124792,7331,9746,75.22,True
"Goffredo Maria BETTINI",124819,7329,9746,75.20,True
"Liadh NÍ RIADA",124987,7329,9746,75.20,True
"Verónica LOPE FONTAGNÉ",96765,7327,9746,75.18,True
"Bill ETHERIDGE",124951,7304,9746,74.94,True
"David CAMPBELL BANNERMAN",96912,7297,9746,74.87,True
"Marina ALBIOL GUZMÁN",125048,7294,9746,74.84,True
"Mircea DIACONU",124805,7294,9746,74.84,True
"Syed KAMALL",33569,7292,9746,74.82,True
"Angelo CIOCCA",183793,4443,5941,74.79,True
"Marine LE PEN",28210,4118,5507,74.78,False
"Florian PHILIPPOT",110977,7284,9746,74.74,True
"Alexander Graf LAMBSDORFF",28242,4374,5861,74.63,False
"Ian HUDGHTON",2338,7273,9746,74.63,True
"Sotirios ZARIANOPOULOS",125090,7260,9746,74.49,True
"Raffaele FITTO",4465,7247,9746,74.36,True
"Alyn SMITH",28508,7201,9746,73.89,True
"Janice ATKINSON",124938,7184,9746,73.71,True
"Michael THEURER",96871,4318,5861,73.67,False
"Ramona Nicole MĂNESCU",39717,7164,9746,73.51,True
"Georgios KATROUGKALOS",125062,183,249,73.49,False
"Catherine STIHLER",4545,7138,9746,73.24,True
"Steven WOOLFE",124966,7137,9746,73.23,True
"Miloslav RANSDORF",23706,1842,2516,73.21,False
"Iveta GRIGULE-PĒTERSE",124745,7134,9746,73.20,True
"Enrico GASBARRA",124817,7132,9746,73.18,True
"Margot PARKER",124945,7101,9746,72.86,True
"Jill SEYMOUR",124950,7098,9746,72.83,True
"Jens ROHDE",96710,7050,9746,72.34,True
"Ángela VALLINA",125050,7037,9746,72.20,True
"Ulla TØRNÆS",124880,1932,2677,72.17,False
"Curzio MALTESE",125192,7022,9746,72.05,True
"Marie-Pierre VIEU",188721,3053,4239,72.02,True
"Gerard BATTEN",28497,7018,9746,72.01,True
"Santiago FISAS AYXELÀ",96729,6990,9746,71.72,True
"Viorica DĂNCILĂ",95281,4650,6521,71.31,False
"Morten MESSERSCHMIDT",96663,6929,9746,71.10,True
"Dawid Bohdan JACKIEWICZ",124882,1458,2058,70.85,False
"Martin SONNEBORN",124834,6888,9746,70.68,True
"Sajjad KARIM",28481,6874,9746,70.53,True
"Anneliese DODDS",124969,3840,5447,70.50,False
"Artis PABRIKS",124743,6861,9746,70.40,True
"Ivica TOLIĆ",185340,3963,5632,70.37,True
"Stanisław ŻÓŁTEK",124902,6848,9746,70.26,True
"Jane COLLINS",124955,6828,9746,70.06,True
"Sander LOONES",128717,6824,9746,70.02,True
"Roberts ZĪLE",28615,6810,9746,69.87,True
"Emma McCLARKIN",96919,6800,9746,69.77,True
"András GYÜRK",23816,6784,9746,69.61,True
"Cătălin Sorin IVAN",96857,6748,9746,69.24,True
"Viktor USPASKICH",96698,6722,9746,68.97,True
"Tim AKER",99650,6694,9746,68.68,True
"Cristian-Silviu BUŞOI",38420,6693,9746,68.67,True
"Estefanía TORRES MARTÍNEZ",131749,6385,9303,68.63,True
"Pina PICIERNO",124846,6664,9746,68.38,True
"Andrzej DUDA",124899,568,831,68.35,False
"Boris ZALA",96656,6649,9746,68.22,True
"Ryszard Antoni LEGUTKO",96796,6646,9746,68.19,True
"Godelieve QUISTHOUDT-ROWOHL",1055,6618,9746,67.90,True
"Linnéa ENGSTRÖM",128588,6615,9746,67.87,True
"Helga TRÜPEL",28240,6608,9746,67.80,True
"Patricia LALONDE",188254,2936,4350,67.49,True
"Tamás MESZERICS",124720,6446,9746,66.14,True
"Elissavet VOZEMBERG-VRIONIDI",125065,6422,9746,65.89,True
"Mike HOOKEM",124957,6420,9746,65.87,True
"Alessia Maria MOSCA",124868,6419,9746,65.86,True
"Dame Glenis WILLMOTT",35743,3807,5784,65.82,False
"Daniel HANNAN",4555,6398,9746,65.65,True
"Béla KOVÁCS",102887,6396,9746,65.63,True
"Sergei STANISHEV",124852,6331,9746,64.96,True
"Maria SPYRAKI",125064,6301,9746,64.65,True
"Carolina PUNSET",90110,4659,7215,64.57,True
"Cláudia MONTEIRO DE AGUIAR",124734,6287,9746,64.51,True
"Kerstin WESTPHAL",96839,6273,9746,64.36,True
"Antanas GUOGA",124763,6271,9746,64.34,True
"Eleni THEOCHAROUS",25704,6211,9746,63.73,True
"Jiří MAŠTÁLKA",23704,6210,9746,63.72,True
"Alessandra MUSSOLINI",28429,6167,9746,63.28,True
"Eduard-Raul HELLVIG",37448,189,300,63.00,False
"Tamás DEUTSCH",96826,6072,9746,62.30,True
"Theodoros ZAGORAKIS",125067,6040,9746,61.97,True
"Urszula KRUPA",28334,6023,9746,61.80,True
"Lorenzo CESA",28451,6018,9746,61.75,True
"Nirj DEVA",4556,5943,9746,60.98,True
"Morten LØKKEGAARD",96709,5932,9746,60.87,True
"Barbara MATERA",96813,5883,9746,60.36,True
"Maurice PONGA",96931,5851,9746,60.03,True
"Manuel dos SANTOS",21918,5843,9746,59.95,True
"William (The Earl of) DARTMOUTH",96958,5803,9746,59.54,True
"Aldo PATRICIELLO",36392,5788,9746,59.39,True
"Renaud MUSELIER",124729,5663,9746,58.11,True
"Laima Liucija ANDRIKIENĖ",28276,5598,9746,57.44,True
"Nikolay BAREKOV",124871,5573,9746,57.18,True
"Timothy KIRKHOPE",4542,2265,3984,56.85,False
"Alessandra MORETTI",124799,137,249,55.02,False
"Igor GRÄZIN",193879,1149,2105,54.58,True
"Jaromír KOHLÍČEK",28331,5224,9746,53.60,True
"Damian DRĂGHICI",124786,5125,9746,52.59,True
"Annemie NEYTS-UYTTEBROECK",1946,106,203,52.22,False
"Krisztina MORVAI",96661,4792,9746,49.17,True
"José Ignacio SALAFRANCA SÁNCHEZ-NEYRA",2002,4591,9746,47.11,True
"Paul NUTTALL",96805,4356,9746,44.70,True
"Louise BOURS",124964,4209,9746,43.19,True
"Nigel FARAGE",4525,3842,9746,39.42,True
"Thomas HÄNDEL",96851,3729,9746,38.26,True
"Antonio TAJANI",2187,3619,9746,37.13,True
"Renato SORU",124860,3484,9746,35.75,True
"Thierry CORNILLET",4338,3354,9746,34.41,True
"Nadja HIRSCH",96872,3208,9746,32.92,True
"Ivari PADAR",97025,2941,9746,30.18,True
"Wolf KLINZ",28244,2841,9746,29.15,True
"Olli REHN",2119,135,469,28.78,False
"Louis IDE",125108,53,190,27.89,False
"Jean-Marie LE PEN",1023,2596,9746,26.64,True
"Ana MIRANDA",24942,2487,9746,25.52,True
"Lívia JÁRÓKA",28141,2440,9746,25.04,True
"Giancarlo SCOTTÀ",96996,2427,9746,24.90,True
"Giovanni TOTI",124764,275,1124,24.47,False
"Innocenzo LEONTINI",72754,2054,9746,21.08,True
"Miguel ARIAS CAÑETE",1351,10,58,17.24,False
"Andrus ANSIP",124696,4,58,6.90,False
"Corina CREȚU",33997,4,58,6.90,False
"Valdis DOMBROVSKIS",28618,4,58,6.90,False
"Christos STYLIANIDES",124688,4,58,6.90,False
"Martin SCHULZ",1911,101,4770,2.12,False
"Philip BRADBOURN",4540,0,203,0.00,False
"Brian CROWLEY",2109,0,9746,0.00,True
"Jordi Vicent SEBASTIA TALAVERA",125053,0,4114,0.00,False
"Marianne THYSSEN",1832,0,58,0.00,False
